1|Julie|Gray|46825129324
2|Julia|Green|44919378884
3|Belinda|Grant|42137792287
4|Timothy|Smith|64368922256
5|Janice|Carroll|71164368377
6|Yolanda|Romero|31724786389
7|James|Barnes|63448733296
8|Daisy|Chapman|79135184267
9|Tonya|Evans|33456359239
10|Zachary|Patel|64283846562
11|Gina|Simmons|72755499798
12|Rachel|Nguyen|75699317598
13|Laura|Shaffer|23978223471
14|Crystal|Wright|84839643451
15|Lorraine|Johnson|88293988154
16|Vicki|Gay|33585327585
17|Andrew|Mcneil|43287784797
18|Jose|Mcbride|99462683341
19|Jennifer|Nunez|74136445386
20|Amber|Edwards|48797335975
21|Denise|Greene|35852634854
22|Mary|Bowman|35315868338
23|Amber|Bullock|74817837664
24|Julian|Landry|65866741791
25|Terri|Ellis|92815917383
26|Alicia|Duke|48116594614
27|Angela|Moore|83499857211
28|Michael|Eaton|38839645468
29|Hannah|Erickson|26671156542
30|Derrick|Juarez|97638841974
31|Shannon|Pruitt|23976186636
32|Wendy|Smith|29142855392
33|Jose|Howard|31956761786
34|Richard|Murray|17333959572
35|Jacqueline|Rogers|14786734848
36|Brandon|Buckley|63778562654
37|Melvin|Brown|38359177959
38|Christopher|Francis|63325163619
39|Bernard|Smith|15535463265
40|Diane|Smith|25895882643
41|Emily|Santos|44378744858
42|Brian|Baker|44839383323
43|Amy|Bennett|22738152946
44|Crystal|Shaw|78453165566
45|Joseph|Curtis|18916626977
46|Cheryl|Black|29394758233
47|Cindy|Johnston|91128572637
48|David|Long|95368227443
49|Kimberly|West|85143198976
50|Jacqueline|Young|45456556793
51|Michael|Snyder|36829685884
52|Hannah|Cannon|69184782193
53|Veronica|Matthews|86946586456
54|Raymond|Nunez|32813933238
55|Nicole|Grimes|65558681264
56|Sandra|Allen|77632886595
57|Christopher|Hancock|11645982699
58|Tamara|Avila|18438895411
59|Donald|Conley|55451115513
60|Angela|Cummings|12834453273
61|Lindsay|Ruiz|55316958115
62|Christopher|Allison|96542327731
63|Blake|Smith|65227355584
64|Chris|Wright|32341699253
65|Nicole|Cortez|47815146593
66|Tracy|Becker|41445183446
67|Brenda|Herman|64169872363
68|Luke|Alexander|31697711797
69|Candace|Roberts|15153542515
70|Dawn|Richardson|28753586471
71|Sergio|Potts|58448649239
72|Ashley|Hodge|88117393734
73|Sabrina|Collins|33683525823
74|Jeremy|Sims|78185262266
75|Stephanie|Lopez|26598137959
76|Walter|Smith|26356251775
77|Lisa|Walker|92191752597
78|Michael|Hubbard|75532887785
79|Joshua|Pacheco|72334564712
80|David|Rivera|73748398675
81|Laura|Glover|85511421218
82|Melissa|Moore|14224786443
83|Sandra|Sanchez|34417147868
84|Melissa|Reyes|87141256383
85|Christine|Simpson|27963926977
86|Rebecca|Blackwell|84863244564
87|Kimberly|Good|71338997277
88|Matthew|Reeves|74821374915
89|Jennifer|Lopez|89283528112
90|Hannah|Paul|31314952299
91|Kevin|Collier|44629189859
92|Barbara|Brown|98976176191
93|Nicole|Sosa|61339365539
94|David|Herrera|72725966857
95|Rebecca|Vargas|27583317521
96|Michael|Brown|88192163143
97|Nancy|Thompson|19251742565
98|Valerie|James|28912471944
99|Brandon|Brown|52426237385
100|Nicole|Gutierrez|34735869438
