1|97|latashawaters|SXXMzVDZh|supplier
2|72|wilsonlisa|sdvuIspeXTgBI|customer
3|62|fowlerashley|NKKvXXpWTAeBbbo|customer
4|78|smitharthur|qMkqzVxlWOwAGCYM|customer
5|23|ibrooks|VtcLLRlaZiNf|customer
6|94|vanessa49|LiMDavMKmAQCmPtK|customer
7|86|luisbenjamin|SyDcVcoOPQAUff|supplier
8|7|lburnett|GfLTSZtB|supplier
9|39|andersondawn|XFOgiaEUXIwTSAqm|supplier
10|17|dpeters|FmbEvGSlnqbQK|customer
11|34|kylediaz|ZicCqlJPl|supplier
12|94|alexiscampbell|jYVjclYuc|supplier
13|14|johnjarvis|upJDTeCbVxhHxHDK|customer
14|28|courtneymurray|ChvNhmqsf|supplier
15|73|zachary46|iSlxNxHYiz|supplier
16|71|gcallahan|ioIOgYMScZ|customer
17|27|jpoole|yGcdEWWI|supplier
18|73|william02|EMvJMcUrjt|customer
19|84|christopherrussell|tsSWdwaUr|customer
20|85|uware|SYRKoPdHkHMwW|customer
21|77|clifford74|zoCLbxhpmWl|customer
22|62|carolhess|dwEGQxmhhUk|supplier
23|8|vlopez|TuhbXZNbN|customer
24|51|crawfordtracy|rrjPGSIRZCcNHR|supplier
25|29|dchristian|hfWBJBQsaIKorRm|customer
26|79|hancockgregory|eBdBkqrfSoQNP|customer
27|35|cmunoz|VtjvQqZWizwFyyd|supplier
28|63|joshua00|AVLblRHpKcjnOl|supplier
29|24|kenneth61|fXUQBybI|customer
30|47|wlee|PmIiZDLcfkN|customer
31|95|umarshall|ExrXHqZSSnJC|supplier
32|80|william23|JMvGxnbJxjB|customer
33|72|gregory98|kWTGFJsmttruXaM|supplier
34|66|moorekathryn|urIBKaSn|customer
35|57|kari04|wuNIzOAKQho|supplier
36|61|mlindsey|ZkWpdhXi|supplier
37|87|xking|VfOqUgrkhkuyp|customer
38|93|alexandra54|JummRzVrwYhU|supplier
39|12|crystalbooth|mMHVphRCHvc|customer
40|58|lawrencemichael|IxZAjaKkCRnAobVL|customer
41|91|porterjoseph|EgJVfchRj|customer
42|85|wayne30|zgpTcmRJknG|supplier
43|55|foxangel|nnibJcwl|supplier
44|41|patrick52|vrywoJgTPiVNbUUj|customer
45|70|patrick45|xaPmZGcBGbprFZ|customer
46|6|millermaurice|QcaQXAENjXeqAT|customer
47|100|susan74|ARFfUetmnyaLnkq|supplier
48|50|joseph47|LzkTzabWWkVzPTx|supplier
49|30|jason99|KYnJKGZqggzD|customer
50|74|phillipslisa|wpiXzjjWsfTjL|supplier
51|29|murphyjeremy|aTfneAlw|supplier
52|19|scottford|DjxeqyHm|supplier
53|56|htucker|bxBCbviImsjkZ|supplier
54|93|youngjessica|ApkqgzHISFeEqSH|customer
55|61|brendali|htlSZgjIq|customer
56|75|john94|LMNmXvswoNYWmU|supplier
57|41|stephanie67|BqCPlCsoN|supplier
58|100|caitlin73|dRQdPDldoRK|customer
59|2|petersonmelissa|lcVVBAjlBlfKlbls|supplier
60|11|franklin16|qCIAvmxvWFbB|customer
61|5|daniellowery|bbcsKoSDWeKEXlB|supplier
62|96|bradyrebecca|rFLKJzPuhMiXD|supplier
63|13|stevenkim|XudJuxIPtEW|supplier
64|50|walkershelly|FbEBarJsQewVlL|customer
65|53|theodore94|OpzuvjWpwv|customer
66|44|petersonkenneth|fkfUMTUkXHk|customer
67|1|markrocha|VXhedKvZAvfYKF|supplier
68|2|jacob44|GMTIDLXBuGIn|customer
69|19|nicole46|qfXmorzoSfwtRZGU|customer
70|80|mark44|jRBbnUFGLRd|supplier
71|15|richardevans|CdPcUcTRE|customer
72|97|xrobinson|lOhAYZHBc|customer
73|82|jessicawilkinson|CLPDhOiZLhTJMjlP|supplier
74|28|annaduffy|kUNDBrjkqxvs|customer
75|34|ladams|zVKigIAKFemkSNt|customer
76|75|saundersdavid|wkRFFatYfdn|customer
77|60|pjohnson|ULnuGmbKwEEGEOxu|customer
78|88|kenneth43|EehiYqKODMxL|supplier
79|8|antonio34|AdvQRFjzm|supplier
80|70|danielsjimmy|YpMWxSaW|supplier
81|51|zhicks|jaFBLNcMpeqF|customer
82|26|moyerraymond|klJYrtwXBwjomLfE|customer
83|5|katherine29|kqdOGLMscxquVEC|customer
84|65|zavalastephanie|MunOGVawDnpAlj|supplier
85|45|patriciahancock|ZLbDQQEXiixea|customer
86|57|alicia74|jklOfaAD|customer
87|43|davidstewart|HBDKfkeWLG|supplier
88|10|karenmurray|jJYutswdjowhyHN|customer
89|59|williammiller|STqEKLtWBMkQj|supplier
90|20|smithveronica|ucNlwlVw|supplier
91|33|qberg|TBRENGdTdUCL|customer
92|54|raymond69|zopRkrJsXkDFm|supplier
93|16|richardsjames|GkqVeASIbgDYC|supplier
94|92|cassandra77|mmxPIhjrnFE|supplier
95|15|jasonbrown|xewlWBasm|supplier
96|39|uadams|JNTTSGDLAbt|customer
97|45|ajones|ZPrciamrNBmYnZ|supplier
98|43|marysanchez|uWFlNWVPCrI|customer
99|10|millerbethany|dkbXkQJbYtoTGgz|supplier
100|9|grocha|StQiJuJLsE|supplier
101|42|ellisonbrenda|ZmoWCHRCTQIPNau|customer
102|38|paulellis|AcoWdntzPgDf|customer
103|69|cynthia52|BovsSaAtMRM|supplier
104|36|loganjody|nPOpEjzJqXylSUXc|customer
105|84|swilliamson|vwjaOFZfey|supplier
106|99|nicholasgarcia|jgnVUtlSx|supplier
107|13|williamscarol|LIVHAUXsXeOgOeT|customer
108|78|stevenrios|yhaouVQhdw|supplier
109|48|darrylspencer|PBsfEgeiYNrElJ|supplier
110|83|veronica95|rgaoULUXDnYkra|customer
111|22|nixonbryan|iCECyUmCapg|customer
112|48|dlewis|kKuqwFkPvq|customer
113|98|barryhudson|jTzVQJXhLsQOBO|customer
114|24|christopher85|vkdsiSLdD|supplier
115|33|rbeck|fKjQfjEgdKoK|supplier
116|90|christinatrujillo|WXcxHyBmX|customer
117|67|smithlindsey|pVeRAoctkfY|supplier
118|63|maureenchang|GmZlNazPUAMY|customer
119|83|colleen36|mOZRJCxYdYWDOpB|supplier
120|64|baileyjulie|NOnUCLJBvzdCRPFz|customer
121|30|crystalaguirre|pCpGHtPQqk|supplier
122|82|lance84|NQmIEVBeGb|customer
123|79|theresaelliott|eTDSKisnivf|supplier
124|90|matthew54|UYRKFPIFisGemIu|supplier
125|66|michaelmarks|hhWrAyVMFFynu|supplier
126|95|bradfordrichard|JRsRBRcgzdm|customer
127|65|umartinez|gFVMXxXHcvBtDs|customer
128|98|meyerjeremy|cxTPXiqJcnNRmy|supplier
129|53|erinlang|XdgeaNOpodI|supplier
130|22|matthew14|iZvSQoeDzSjj|supplier
131|9|ginasmith|rSRqfvFDoIcUA|customer
132|40|armstrongandrew|unrwKdHmImAizFM|customer
133|4|zchambers|PMlIzYVvUmPP|customer
134|44|michael69|BJsVKuomTFKSJmlL|supplier
135|18|tuckerdarren|EneHDFXKcsS|supplier
136|74|barbaraguerra|dFHpzURYIw|customer
137|96|sosabrian|liCzbkLsrNygWkJd|customer
138|71|grosskimberly|FZNjbqETTMdHfVYX|supplier
139|56|mcdowellmeagan|ymsjYFjpYFYvA|customer
140|26|sullivanperry|WiNMdVHoMbm|supplier
141|55|michele39|CoYnaLCw|customer
142|46|chenderson|pTzuJrgvx|supplier
143|52|qholt|mrBDJnhgU|supplier
144|47|fkim|SCeTxZoOMDXE|supplier
145|92|deborahyoung|UNnqlDdm|customer
146|68|emorris|CasnXfLc|supplier
147|25|renee99|ZMoaqhpFUXnARB|supplier
148|87|lopezdarius|wDIYTuKhoaW|supplier
149|17|francisconnie|HBFlekSFqy|supplier
150|16|dianebeard|bGegmUKlOkbU|customer
151|14|ronald70|tMkUqpNHz|supplier
152|59|hmills|NMvIolvSlrT|customer
153|11|edward40|TmXrHQXiZ|supplier
154|32|sheltoncurtis|tvxlKbTZzuwcf|supplier
155|86|irwinamy|bxFfbrXVhgtc|customer
156|99|washingtoncrystal|lQDrfzaOSbGQvRM|customer
157|27|patricia38|DbyByQLC|customer
158|20|brownemily|CNjmdrzbfdEv|customer
159|76|chase65|JtGZopZOokIQgHG|supplier
160|7|hjohnston|sWiCEver|customer
161|54|taylorbarbara|BllupRZa|customer
162|23|qharrison|aascZvAq|supplier
163|91|kramerstephanie|csnuHXYYvPf|supplier
164|40|richard17|mfKGAcZZRJnzQXB|supplier
165|81|andersontammy|PtAJjOXFnluEc|customer
166|18|kristin54|tObLgweZyFprnT|customer
167|46|andrewwilson|IgOFbkiBHnbifsHu|customer
168|76|craigcourtney|FfLZpsfM|customer
169|1|cwilliams|WZUybAenniOoax|customer
170|81|bvazquez|tyRSwrHS|supplier
171|88|melendezalexander|drlVkgptYc|customer
172|42|fwood|DHWybyiv|supplier
173|4|joseph93|avsOEucIOjxeT|supplier
174|58|ryanberry|vHuIcONoddvStMhA|supplier
175|89|amy76|dDLWTGIPRYQA|customer
176|32|robinsondonna|qGcLNtcBF|customer
177|38|jbenitez|imvMaLYdQayFeyQw|supplier
178|89|jessica16|GAuZWGEmB|supplier
179|12|laurenrush|KwjvYtdMcZf|supplier
180|21|oherrera|TrVSgUaywh|customer
181|6|gonzalescharles|AvYoTtoEsm|supplier
182|31|sking|QKwsgpAYRUjOLkcT|supplier
183|31|uwilson|jeaTKofkcUuuNMs|customer
184|69|williamdaniels|bturOOFJWrl|customer
185|3|bbond|cFHTOmIHwkDpoKyO|supplier
186|49|glennestes|HzeCxQvNUBDUgrYq|customer
187|37|smithjason|WKDYvRRRgSQttag|supplier
188|3|tracy61|JaRVIyqzcXMiWC|customer
189|67|anthony87|UFaZhlyug|customer
190|25|gregbrown|swkhLhThARHdYXLH|customer
191|68|loganpratt|RMivvZYTCqNGJO|customer
192|60|martinezkaitlyn|CHDtdRwI|supplier
193|52|browngregory|hTbDdvSOp|customer
194|64|jeremy01|cCMtUEbbTRxL|supplier
195|77|dalewilson|YjkLCpellzmysE|supplier
196|35|kpalmer|fdwrtZMPPoGMkLmW|customer
197|37|hbuck|qpUvKZRwfOBdsU|customer
198|36|brendascott|UPBrgMWQGQ|supplier
199|21|james88|hxBtpJGcCVFtjtcS|supplier
200|49|cardenasvictoria|bdGOrDtepuASDDm|supplier